time,allstate,geico,progressive,statefarm,usaa,wearefarmers
2016-03-12 17:04:52.750222,0.73,0.3,0.12,0.33,0.97,0.45
2016-03-12 17:04:57.394381,0.35,0.45,0.43,0.28,0.69,0.9
2016-03-12 17:05:01.863906,0.08,0.14,0.73,0.76,0.49,0.43
2016-03-12 17:39:37.165683,0.0,0.12,0.99,0.81,0.86,0.05
2016-03-12 17:48:19.670378,0.86,0.26,0.76,0.83,0.86,0.14
2016-03-12 17:48:41.053127,0.66,0.17,0.06,0.89,0.82,0.38
2016-03-12 17:49:44.189079,0.72,0.18,0.66,0.87,0.83,0.7
2016-03-12 17:49:59.761167,0.12,0.72,0.89,0.26,0.49,0.87
2016-03-12 17:50:06.939477,0.57,0.35,0.1,0.44,0.93,0.43
2016-03-13 18:40:14.319188,0.4725499755133348,0.4903762946806613,0.4723988897977896,0.4856922673188521,0.3577103714068152,0.4573476186306692
2016-03-13 18:41:18.567821,0.4572537879426539,0.4903762946806613,0.4723988897977896,0.4856922673188521,0.3577103714068152,0.4573476186306692
2016-03-13 18:42:21.738483,0.4725499755133348,0.4903762946806613,0.4723988897977896,0.4856922673188521,0.3577103714068152,0.4573476186306692
2016-03-13 18:43:25.440619,0.4725499755133348,0.4903762946806613,0.4723988897977896,0.4856922673188521,0.3577103714068152,0.4573476186306692
2016-03-13 18:44:28.903968,0.4725499755133348,0.4903762946806613,0.4723988897977896,0.4856922673188521,0.3577103714068152,0.4573476186306692
2016-03-13 18:45:32.590833,0.4725499755133348,0.4903762946806613,0.4723988897977896,0.4856922673188521,0.3577103714068152,0.4573476186306692
2016-03-14 09:22:37.272097,0.464123815114635,0.6324326157400849,0.4892200137234105,0.4799507580605774,0.40729562636915145,0.4573476186306691
2016-03-14 09:23:40.590129,0.464123815114635,0.6324326157400849,0.4892200137234105,0.4799507580605774,0.40729562636915145,0.4573476186306691
2016-03-14 09:24:43.803516,0.464123815114635,0.6324326157400849,0.4892200137234105,0.4799507580605774,0.40729562636915145,0.4573476186306691
2016-03-14 09:25:47.872488,0.464123815114635,0.6324326157400849,0.4892200137234105,0.4799507580605774,0.40729562636915145,0.4573476186306691
2016-03-14 09:26:51.611911,0.464123815114635,0.6324326157400849,0.4892200137234105,0.4799507580605774,0.40729562636915145,0.4573476186306691
2016-03-14 09:27:55.130418,0.464123815114635,0.6324326157400849,0.4892200137234105,0.4799507580605774,0.40729562636915145,0.4573476186306691
2016-03-14 09:28:58.594610,0.464123815114635,0.6324326157400849,0.4892200137234105,0.4799507580605774,0.40729562636915145,0.4573476186306691
2016-03-14 09:30:02.559512,0.464123815114635,0.6324326157400849,0.4892200137234105,0.4799507580605774,0.40729562636915145,0.4573476186306691
2016-03-14 09:31:06.973333,0.464123815114635,0.6324326157400849,0.4892200137234105,0.4799507580605774,0.40729562636915145,0.4573476186306691
2016-03-14 09:32:10.666468,0.464123815114635,0.6324326157400849,0.4892200137234105,0.4799507580605774,0.40729562636915145,0.4573476186306691
2016-03-14 09:33:13.977402,0.464123815114635,0.6324326157400849,0.4892200137234105,0.4799507580605774,0.40729562636915145,0.4573476186306691
2016-03-14 09:34:17.382031,0.464123815114635,0.6324326157400849,0.4892200137234105,0.4799507580605774,0.40729562636915145,0.4573476186306691
2016-03-14 09:35:20.727523,0.464123815114635,0.6324326157400849,0.4892200137234105,0.4799507580605774,0.40729562636915145,0.4573476186306691
2016-03-14 09:36:24.262399,0.464123815114635,0.6324326157400849,0.4892200137234105,0.4799507580605774,0.40729562636915145,0.4573476186306691
2016-03-14 09:37:27.816810,0.464123815114635,0.6324326157400849,0.4892200137234105,0.4799507580605774,0.40729562636915145,0.4573476186306691
2016-03-14 09:38:31.345445,0.464123815114635,0.6324326157400849,0.4892200137234105,0.4799507580605774,0.3984749771868289,0.4573476186306691
2016-03-14 09:39:35.515586,0.464123815114635,0.6324326157400849,0.4892200137234105,0.4799507580605774,0.3984749771868289,0.4573476186306691
2016-03-14 09:40:39.427125,0.464123815114635,0.6324326157400849,0.4892200137234105,0.4799507580605774,0.3984749771868289,0.4573476186306691
2016-03-14 09:41:43.990867,0.464123815114635,0.6477670445592324,0.4892200137234105,0.4799507580605774,0.3984749771868289,0.4573476186306691
2016-03-14 09:42:47.835405,0.464123815114635,0.6477670445592324,0.4892200137234105,0.4799507580605774,0.3984749771868289,0.4573476186306691
2016-03-14 09:43:51.497195,0.464123815114635,0.6140608797216109,0.4892200137234105,0.4799507580605774,0.3984749771868289,0.4573476186306691
2016-03-14 09:44:55.476836,0.464123815114635,0.6140608797216109,0.4892200137234105,0.4799507580605774,0.41156881594246986,0.4573476186306691
2016-03-14 09:45:58.787327,0.464123815114635,0.6140608797216109,0.4892200137234105,0.4799507580605774,0.41156881594246986,0.4573476186306691
2016-03-14 09:47:02.188505,0.4575977684136895,0.6140608797216109,0.4892200137234105,0.4799507580605774,0.41156881594246986,0.4573476186306691
2016-03-14 09:48:06.276967,0.4575977684136895,0.6140608797216109,0.4892200137234105,0.4799507580605774,0.41156881594246986,0.4573476186306691
2016-03-14 09:49:09.680381,0.4575977684136895,0.6140608797216109,0.4892200137234105,0.4799507580605774,0.41156881594246986,0.4573476186306691
2016-03-14 09:50:12.908523,0.4575977684136895,0.6140608797216109,0.4892200137234105,0.4799507580605774,0.41156881594246986,0.4573476186306691
2016-03-14 09:51:16.440765,0.4575977684136895,0.6140608797216109,0.4892200137234105,0.4799507580605774,0.41156881594246986,0.4573476186306691
2016-03-14 09:52:20.626111,0.4575977684136895,0.6140608797216109,0.4892200137234105,0.4799507580605774,0.41156881594246986,0.4573476186306691
2016-03-14 09:53:23.999767,0.4575977684136895,0.6140608797216109,0.4892200137234105,0.4799507580605774,0.41156881594246986,0.4573476186306691
2016-03-14 09:54:27.980963,0.4575977684136895,0.6140608797216109,0.4892200137234105,0.4799507580605774,0.41156881594246986,0.4573476186306691
2016-03-14 09:55:31.715688,0.4575977684136895,0.6140608797216109,0.4892200137234105,0.4799507580605774,0.41156881594246986,0.4573476186306691
2016-03-14 09:56:35.111241,0.4575977684136895,0.6140608797216109,0.4892200137234105,0.4799507580605774,0.41156881594246986,0.4573476186306691
2016-03-14 09:57:39.331733,0.4575977684136895,0.6140608797216109,0.4892200137234105,0.4799507580605774,0.41156881594246986,0.4573476186306691
2016-03-14 09:58:42.990228,0.4575977684136895,0.6140608797216109,0.4892200137234105,0.4799507580605774,0.41156881594246986,0.4573476186306691
2016-03-14 09:59:46.419558,0.4575977684136895,0.6140608797216109,0.4892200137234105,0.4799507580605774,0.41156881594246986,0.4573476186306691
2016-03-14 10:00:50.500589,0.4575977684136895,0.6140608797216109,0.4892200137234105,0.4799507580605774,0.41156881594246986,0.4573476186306691
2016-03-14 10:01:54.035665,0.4575977684136895,0.6140608797216109,0.4892200137234105,0.4799507580605774,0.41156881594246986,0.4573476186306691
2016-03-14 10:02:57.407756,0.4575977684136895,0.6140608797216109,0.4892200137234105,0.4799507580605774,0.41156881594246986,0.4573476186306691
2016-03-14 10:04:00.934257,0.4575977684136895,0.6140608797216109,0.4892200137234105,0.4799507580605774,0.41156881594246986,0.4573476186306691
2016-03-14 10:05:04.436505,0.4575977684136895,0.6140608797216109,0.4892200137234105,0.4799507580605774,0.41156881594246986,0.4573476186306691
2016-03-14 10:06:08.960523,0.4575977684136895,0.6140608797216109,0.4892200137234105,0.4799507580605774,0.4325009827465869,0.4573476186306691
2016-03-14 10:07:12.454203,0.4575977684136895,0.6140608797216109,0.4892200137234105,0.4799507580605774,0.4325009827465869,0.4573476186306691
2016-03-14 10:08:16.008560,0.4575977684136895,0.6140608797216109,0.4892200137234105,0.4799507580605774,0.4325009827465869,0.4573476186306691
2016-03-14 10:09:19.625159,0.4575977684136895,0.6140608797216109,0.4892200137234105,0.4799507580605774,0.4325009827465869,0.4573476186306691
2016-03-14 10:10:23.093402,0.4575977684136895,0.6140608797216109,0.4892200137234105,0.4799507580605774,0.4325009827465869,0.4573476186306691
2016-03-14 10:11:26.394813,0.4575977684136895,0.6140608797216109,0.4892200137234105,0.4799507580605774,0.4325009827465869,0.4573476186306691
2016-03-14 10:12:30.694537,0.4575977684136895,0.6140608797216109,0.4892200137234105,0.4799507580605774,0.4325009827465869,0.4573476186306691
2016-03-14 10:13:37.734292,0.4575977684136895,0.6140608797216109,0.4892200137234105,0.4799507580605774,0.4325009827465869,0.4573476186306691
2016-03-14 10:14:41.253728,0.4575977684136895,0.6140608797216109,0.4892200137234105,0.4799507580605774,0.4325009827465869,0.4573476186306691
2016-03-14 10:15:45.035185,0.4575977684136895,0.6140608797216109,0.4892200137234105,0.4799507580605774,0.4325009827465869,0.4573476186306691
2016-03-14 10:16:48.560392,0.4912099181360278,0.6140608797216109,0.4892200137234105,0.5002964953124855,0.4325009827465869,0.4573476186306691
2016-03-14 10:17:52.871207,0.4912099181360278,0.6140608797216109,0.4892200137234105,0.5002964953124855,0.4325009827465869,0.4573476186306691
2016-03-14 10:18:56.238852,0.4912099181360278,0.6140608797216109,0.4892200137234105,0.5002964953124855,0.4325009827465869,0.4573476186306691
2016-03-14 10:19:59.517016,0.4912099181360278,0.6140608797216109,0.4892200137234105,0.5002964953124855,0.4325009827465869,0.4573476186306691
2016-03-14 10:21:03.121019,0.4912099181360278,0.6140608797216109,0.4892200137234105,0.5002964953124855,0.4325009827465869,0.4573476186306691
2016-03-14 10:22:06.389763,0.4912099181360278,0.6140608797216109,0.4892200137234105,0.5002964953124855,0.4325009827465869,0.4573476186306691
2016-03-14 10:23:10.097834,0.4912099181360278,0.6140608797216109,0.4892200137234105,0.5002964953124855,0.4325009827465869,0.4573476186306691
2016-03-14 10:24:13.463776,0.4912099181360278,0.6140608797216109,0.4892200137234105,0.5002964953124855,0.4325009827465869,0.4573476186306691
2016-03-14 10:25:16.756672,0.4912099181360278,0.6140608797216109,0.4892200137234105,0.5002964953124855,0.4325009827465869,0.4573476186306691
2016-03-14 10:26:20.455068,0.4912099181360278,0.6140608797216109,0.4808587949800409,0.5002964953124855,0.4690059992755011,0.4573476186306691
2016-03-14 10:27:23.924726,0.4912099181360278,0.6140608797216109,0.4808587949800409,0.5002964953124855,0.4690059992755011,0.4573476186306691
2016-03-14 10:28:27.446533,0.4912099181360278,0.6140608797216109,0.4808587949800409,0.5002964953124855,0.4690059992755011,0.4573476186306691
2016-03-14 10:29:31.324417,0.4912099181360278,0.6140608797216109,0.4808587949800409,0.5002964953124855,0.4690059992755011,0.4573476186306691
2016-03-14 10:30:34.618267,0.4912099181360278,0.6140608797216109,0.4808587949800409,0.5002964953124855,0.4690059992755011,0.4573476186306691
2016-03-14 10:31:39.398334,0.4912099181360278,0.6140608797216109,0.4808587949800409,0.5002964953124855,0.4690059992755011,0.4573476186306691
2016-03-14 10:32:43.483759,0.4912099181360278,0.6140608797216109,0.4808587949800409,0.5002964953124855,0.4690059992755011,0.4573476186306691
2016-03-14 10:33:46.787737,0.4912099181360278,0.6140608797216109,0.4808587949800409,0.5002964953124855,0.4690059992755011,0.4573476186306691
2016-03-14 10:34:50.758685,0.4912099181360278,0.6140608797216109,0.4808587949800409,0.5002964953124855,0.4690059992755011,0.4573476186306691
2016-03-14 10:35:54.310960,0.4912099181360278,0.6140608797216109,0.4808587949800409,0.5002964953124855,0.4690059992755011,0.4573476186306691
2016-03-14 10:36:57.940497,0.4912099181360278,0.5740607246287007,0.4808587949800409,0.5002964953124855,0.4690059992755011,0.4573476186306691
2016-03-14 10:38:01.776663,0.4912099181360278,0.5740607246287007,0.4808587949800409,0.5002964953124855,0.4690059992755011,0.4573476186306691
2016-03-14 10:39:05.339756,0.4912099181360278,0.5740607246287007,0.4808587949800409,0.5002964953124855,0.4690059992755011,0.4573476186306691
2016-03-14 10:40:09.874757,0.4912099181360278,0.5740607246287007,0.4808587949800409,0.5002964953124855,0.4690059992755011,0.4573476186306691
2016-03-14 10:41:13.336376,0.4912099181360278,0.5740607246287007,0.4808587949800409,0.5002964953124855,0.4690059992755011,0.4573476186306691
2016-03-14 10:42:17.386478,0.4912099181360278,0.5506859213777635,0.4808587949800409,0.5002964953124855,0.4690059992755011,0.4573476186306691
2016-03-14 10:43:20.713967,0.4912099181360278,0.5008345991208067,0.4808587949800409,0.5002964953124855,0.4690059992755011,0.4573476186306691
2016-03-14 10:44:24.031549,0.4912099181360278,0.5008345991208067,0.4808587949800409,0.5002964953124855,0.4690059992755011,0.4573476186306691
2016-03-14 10:45:28.592777,0.4912099181360278,0.5067825439864951,0.4808587949800409,0.5002964953124855,0.4690059992755011,0.4573476186306691
2016-03-14 10:46:32.050288,0.4912099181360278,0.5067825439864951,0.4808587949800409,0.5002964953124855,0.4690059992755011,0.4573476186306691
2016-03-14 10:47:35.955314,0.4912099181360278,0.5067825439864951,0.4808587949800409,0.5002964953124855,0.4690059992755011,0.4573476186306691
2016-03-14 10:48:39.954474,0.4912099181360278,0.5067825439864951,0.4808587949800409,0.5002964953124855,0.4690059992755011,0.4573476186306691
2016-03-14 10:49:44.080261,0.4912099181360278,0.5067825439864951,0.4808587949800409,0.5002964953124855,0.4690059992755011,0.4573476186306691
2016-03-14 10:50:47.547966,0.4912099181360278,0.5067825439864951,0.4808587949800409,0.5002964953124855,0.4690059992755011,0.4573476186306691
2016-03-14 10:51:50.903400,0.4912099181360278,0.5067825439864951,0.4808587949800409,0.5002964953124855,0.4239718193057899,0.4573476186306691
2016-03-14 10:52:54.462055,0.4912099181360278,0.5067825439864951,0.4808587949800409,0.5002964953124855,0.4690059992755011,0.4363617725776443
2016-03-14 10:53:58.100715,0.4912099181360278,0.4991002136873189,0.4808587949800409,0.5002964953124855,0.4690059992755011,0.4573476186306691
2016-03-14 10:55:01.740260,0.4912099181360278,0.5067825439864951,0.4808587949800409,0.5002964953124855,0.4690059992755011,0.4573476186306691
2016-03-14 10:56:05.476943,0.4912099181360278,0.4999674064040629,0.4808587949800409,0.5002964953124855,0.4690059992755011,0.4573476186306691
2016-03-14 10:57:08.695279,0.4912099181360278,0.5067825439864951,0.4808587949800409,0.5002964953124855,0.4690059992755011,0.4573476186306691
2016-03-14 10:58:12.252293,0.4912099181360278,0.5067825439864951,0.4808587949800409,0.5002964953124855,0.4627200787411492,0.4573476186306691
2016-03-14 10:59:15.668338,0.4912099181360278,0.5067825439864951,0.4808587949800409,0.5002964953124855,0.4627200787411492,0.4573476186306691
2016-03-14 11:00:19.418032,0.4912099181360278,0.5067825439864951,0.4808587949800409,0.5002964953124855,0.4627200787411492,0.4573476186306691
2016-03-14 11:01:23.109760,0.4912099181360278,0.5067825439864951,0.4808587949800409,0.5002964953124855,0.4627200787411492,0.4573476186306691
2016-03-14 11:02:27.261722,0.4912099181360278,0.5067825439864951,0.4808587949800409,0.5002964953124855,0.4627200787411492,0.4573476186306691
2016-03-14 11:03:30.721591,0.4912099181360278,0.5067825439864951,0.4808587949800409,0.5002964953124855,0.4627200787411492,0.4573476186306691
2016-03-14 11:04:34.687113,0.4912099181360278,0.5067825439864951,0.4887270722457934,0.5002964953124855,0.4627200787411492,0.4573476186306691
2016-03-14 11:05:39.134404,0.4912099181360278,0.5067825439864951,0.4887270722457934,0.5002964953124855,0.4627200787411492,0.4573476186306691
2016-03-14 11:06:42.262228,0.4912099181360278,0.5067825439864951,0.4887270722457934,0.5002964953124855,0.4627200787411492,0.4573476186306691
2016-03-14 11:07:45.982595,0.4912099181360278,0.5067825439864951,0.4887270722457934,0.5002964953124855,0.4627200787411492,0.4573476186306691
2016-03-14 11:08:49.397611,0.4912099181360278,0.5067825439864951,0.4887270722457934,0.5002964953124855,0.4627200787411492,0.4573476186306691
2016-03-14 11:09:53.723286,0.4912099181360278,0.5067825439864951,0.4887270722457934,0.5002964953124855,0.504635529286046,0.4573476186306691
2016-03-14 11:10:57.598041,0.4912099181360278,0.5067825439864951,0.4887270722457934,0.5002964953124855,0.504635529286046,0.4573476186306691
2016-03-14 11:12:01.463098,0.4912099181360278,0.5067825439864951,0.4887270722457934,0.5002964953124855,0.504635529286046,0.4573476186306691
2016-03-14 11:13:05.487761,0.4912099181360278,0.5067825439864951,0.4887270722457934,0.5002964953124855,0.504635529286046,0.4573476186306691
2016-03-14 11:14:08.984234,0.4912099181360278,0.5067825439864951,0.4887270722457934,0.5002964953124855,0.504635529286046,0.4573476186306691
2016-03-14 11:15:12.913049,0.4912099181360278,0.5067825439864951,0.4887270722457934,0.5002964953124855,0.504635529286046,0.4573476186306691
2016-03-14 11:16:17.306154,0.4912099181360278,0.4605927692626927,0.4887270722457934,0.5002964953124855,0.504635529286046,0.4573476186306691
2016-03-14 11:17:20.819566,0.4912099181360278,0.4605927692626927,0.4887270722457934,0.5002964953124855,0.504635529286046,0.4573476186306691
2016-03-14 11:18:24.075706,0.4912099181360278,0.4605927692626927,0.4887270722457934,0.5002964953124855,0.504635529286046,0.4573476186306691
2016-03-14 11:19:27.381646,0.4912099181360278,0.4605927692626927,0.4887270722457934,0.5002964953124855,0.504635529286046,0.4573476186306691
2016-03-14 11:20:31.565710,0.4912099181360278,0.4605927692626927,0.4887270722457934,0.5002964953124855,0.504635529286046,0.4573476186306691
2016-03-14 11:21:36.763710,0.4912099181360278,0.4605927692626927,0.4887270722457934,0.5002964953124855,0.504635529286046,0.4573476186306691
2016-03-14 11:22:40.833288,0.4912099181360278,0.4605927692626927,0.4887270722457934,0.5002964953124855,0.504635529286046,0.4573476186306691
2016-03-14 11:23:44.256996,0.4912099181360278,0.4605927692626927,0.4887270722457934,0.5002964953124855,0.504635529286046,0.4573476186306691
2016-03-14 11:24:47.646533,0.4912099181360278,0.4605927692626927,0.4592127085669079,0.5002964953124855,0.504635529286046,0.4573476186306691
2016-03-14 11:25:51.414380,0.4912099181360278,0.4605927692626927,0.4592127085669079,0.5002964953124855,0.504635529286046,0.4573476186306691
2016-03-14 11:26:54.718853,0.4912099181360278,0.4605927692626927,0.4592127085669079,0.5002964953124855,0.504635529286046,0.4573476186306691
2016-03-14 11:27:58.783917,0.4912099181360278,0.4247296950973045,0.4592127085669079,0.5002964953124855,0.504635529286046,0.4573476186306691
2016-03-14 11:29:02.075511,0.4912099181360278,0.4247296950973045,0.4592127085669079,0.5002964953124855,0.504635529286046,0.4573476186306691
2016-03-14 11:30:05.512201,0.4912099181360278,0.4247296950973045,0.4592127085669079,0.5002964953124855,0.504635529286046,0.4573476186306691
2016-03-14 11:31:08.905975,0.4912099181360278,0.4247296950973045,0.4592127085669079,0.5002964953124855,0.504635529286046,0.4573476186306691
2016-03-14 11:32:12.315027,0.4912099181360278,0.4247296950973045,0.4592127085669079,0.5002964953124855,0.504635529286046,0.4573476186306691
2016-03-14 11:33:15.743173,0.4912099181360278,0.4247296950973045,0.4592127085669079,0.5002964953124855,0.504635529286046,0.4573476186306691
2016-03-14 11:34:19.053664,0.4912099181360278,0.4247296950973045,0.4592127085669079,0.5002964953124855,0.504635529286046,0.4573476186306691
2016-03-14 11:35:22.486165,0.4912099181360278,0.4247296950973045,0.4592127085669079,0.5002964953124855,0.5009306190782178,0.4573476186306691
2016-03-14 11:36:25.960346,0.4912099181360278,0.4247296950973045,0.4592127085669079,0.5002964953124855,0.5009306190782178,0.4573476186306691
2016-03-14 11:37:29.261998,0.4912099181360278,0.4247296950973045,0.4592127085669079,0.5002964953124855,0.5009306190782178,0.4573476186306691
2016-03-14 11:38:32.587345,0.4912099181360278,0.4247296950973045,0.4592127085669079,0.5002964953124855,0.5009306190782178,0.4573476186306691
2016-03-14 11:39:36.452216,0.4912099181360278,0.4247296950973045,0.4592127085669079,0.5002964953124855,0.5009306190782178,0.4573476186306691
2016-03-14 11:40:41.487812,0.4912099181360278,0.4247296950973045,0.4592127085669079,0.5002964953124855,0.5009306190782178,0.4573476186306691
2016-03-14 11:41:45.034375,0.4912099181360278,0.4247296950973045,0.4592127085669079,0.5002964953124855,0.5009306190782178,0.4573476186306691
2016-03-14 11:42:48.458020,0.4912099181360278,0.4247296950973045,0.4592127085669079,0.5002964953124855,0.5009306190782178,0.4573476186306691
2016-03-14 11:43:51.671396,0.4912099181360278,0.4247296950973045,0.4592127085669079,0.5002964953124855,0.5009306190782178,0.4573476186306691
2016-03-14 11:44:55.029741,0.4912099181360278,0.4247296950973045,0.4592127085669079,0.5002964953124855,0.5009306190782178,0.4573476186306691
2016-03-14 11:45:58.233629,0.4912099181360278,0.4247296950973045,0.4592127085669079,0.5002964953124855,0.5009306190782178,0.4573476186306691
2016-03-14 11:47:02.546678,0.4912099181360278,0.4247296950973045,0.4592127085669079,0.5002964953124855,0.5009306190782178,0.4573476186306691
2016-03-14 11:48:06.063213,0.4912099181360278,0.4247296950973045,0.4592127085669079,0.5002964953124855,0.5009306190782178,0.4573476186306691
2016-03-14 11:49:09.284394,0.4912099181360278,0.4247296950973045,0.4592127085669079,0.5002964953124855,0.5009306190782178,0.4573476186306691
2016-03-14 11:50:12.531333,0.4912099181360278,0.4247296950973045,0.4592127085669079,0.5002964953124855,0.5009306190782178,0.4573476186306691
2016-03-14 11:51:15.780601,0.4912099181360278,0.4247296950973045,0.4592127085669079,0.5002964953124855,0.5009306190782178,0.4573476186306691
2016-03-14 11:52:19.511800,0.4912099181360278,0.4247296950973045,0.4592127085669079,0.5002964953124855,0.5009306190782178,0.4573476186306691
2016-03-14 11:53:22.871017,0.4912099181360278,0.4247296950973045,0.4592127085669079,0.5002964953124855,0.5009306190782178,0.4573476186306691
2016-03-14 11:54:26.487206,0.4912099181360278,0.4247296950973045,0.4592127085669079,0.5002964953124855,0.5009306190782178,0.4573476186306691
2016-03-14 11:55:29.834182,0.4912099181360278,0.4247296950973045,0.4592127085669079,0.5002964953124855,0.5009306190782178,0.4573476186306691
2016-03-14 11:56:33.159652,0.4912099181360278,0.4236640454514096,0.4592127085669079,0.5002964953124855,0.5009306190782178,0.4573476186306691
2016-03-14 11:57:37.878220,0.4912099181360278,0.4236640454514096,0.4592127085669079,0.5002964953124855,0.5009306190782178,0.4573476186306691
2016-03-14 11:58:41.825650,0.4912099181360278,0.4236640454514096,0.4592127085669079,0.5002964953124855,0.5009306190782178,0.4573476186306691
2016-03-14 11:59:45.031414,0.4912099181360278,0.4236640454514096,0.4592127085669079,0.5002964953124855,0.5009306190782178,0.4573476186306691
2016-03-14 12:00:48.233552,0.4912099181360278,0.4236640454514096,0.4592127085669079,0.5002964953124855,0.5009306190782178,0.4573476186306691
2016-03-14 12:01:52.113293,0.4912099181360278,0.4469412883185077,0.4592127085669079,0.5002964953124855,0.5009306190782178,0.4573476186306691
2016-03-14 12:02:55.485748,0.4912099181360278,0.4469412883185077,0.4592127085669079,0.5002964953124855,0.5009306190782178,0.4573476186306691
2016-03-14 12:04:00.059320,0.4912099181360278,0.4469412883185077,0.4592127085669079,0.5002964953124855,0.5009306190782178,0.4573476186306691
2016-03-14 12:05:03.526696,0.4912099181360278,0.4469412883185077,0.4592127085669079,0.5002964953124855,0.5009306190782178,0.4573476186306691
2016-03-14 12:06:07.603277,0.4912099181360278,0.4469412883185077,0.4592127085669079,0.5002964953124855,0.5009306190782178,0.4573476186306691
2016-03-14 12:07:10.964479,0.4912099181360278,0.4469412883185077,0.4592127085669079,0.5002964953124855,0.5009306190782178,0.4573476186306691
2016-03-14 12:08:14.340203,0.4912099181360278,0.4469412883185077,0.4592127085669079,0.5002964953124855,0.5009306190782178,0.4573476186306691
2016-03-14 12:09:17.817261,0.4912099181360278,0.4469412883185077,0.4592127085669079,0.5002964953124855,0.5009306190782178,0.4573476186306691
2016-03-14 12:10:21.097314,0.4912099181360278,0.4469412883185077,0.4592127085669079,0.5002964953124855,0.5009306190782178,0.4573476186306691
2016-03-14 12:11:24.430589,0.4912099181360278,0.4469412883185077,0.4592127085669079,0.5002964953124855,0.5009306190782178,0.4573476186306691
2016-03-14 12:12:27.952976,0.4912099181360278,0.4469412883185077,0.4592127085669079,0.5002964953124855,0.5009306190782178,0.4573476186306691
2016-03-14 12:13:31.541004,0.4912099181360278,0.4469412883185077,0.4592127085669079,0.5002964953124855,0.5009306190782178,0.4573476186306691
2016-03-14 12:14:36.244534,0.4912099181360278,0.4469412883185077,0.4592127085669079,0.5002964953124855,0.5009306190782178,0.4573476186306691
2016-03-14 12:15:41.188681,0.4912099181360278,0.4469412883185077,0.4592127085669079,0.5002964953124855,0.5009306190782178,0.4573476186306691
2016-03-14 12:16:44.561809,0.4912099181360278,0.4469412883185077,0.4592127085669079,0.5002964953124855,0.5009306190782178,0.4573476186306691
2016-03-14 12:17:49.030127,0.4912099181360278,0.4469412883185077,0.4592127085669079,0.5002964953124855,0.5009306190782178,0.4573476186306691
2016-03-14 12:18:53.748366,0.4912099181360278,0.4469412883185077,0.4592127085669079,0.5002964953124855,0.5009306190782178,0.4573476186306691
2016-03-14 12:19:57.068278,0.4912099181360278,0.4469412883185077,0.4592127085669079,0.5002964953124855,0.5009306190782178,0.4573476186306691
2016-03-14 12:21:00.351280,0.4912099181360278,0.4469412883185077,0.4592127085669079,0.5002964953124855,0.5009306190782178,0.4573476186306691
2016-03-14 12:22:03.760069,0.4912099181360278,0.4469412883185077,0.4592127085669079,0.5002964953124855,0.5009306190782178,0.4573476186306691
2016-03-14 12:23:07.069241,0.4912099181360278,0.4469412883185077,0.4592127085669079,0.5002964953124855,0.5009306190782178,0.4573476186306691
2016-03-14 12:24:10.520850,0.4912099181360278,0.4469412883185077,0.4592127085669079,0.5002964953124855,0.5009306190782178,0.4573476186306691
2016-03-14 12:25:13.920038,0.4912099181360278,0.4469412883185077,0.4592127085669079,0.5002964953124855,0.5009306190782178,0.4573476186306691
2016-03-14 12:26:17.203517,0.4912099181360278,0.4469412883185077,0.4592127085669079,0.5002964953124855,0.5009306190782178,0.4573476186306691
2016-03-14 12:27:20.410522,0.4912099181360278,0.4469412883185077,0.4592127085669079,0.5002964953124855,0.5009306190782178,0.4573476186306691
2016-03-14 12:28:24.210769,0.4912099181360278,0.4469412883185077,0.4592127085669079,0.5002964953124855,0.5009306190782178,0.4573476186306691
2016-03-14 12:29:28.495701,0.4912099181360278,0.4469412883185077,0.4592127085669079,0.5002964953124855,0.5009306190782178,0.4573476186306691
2016-03-14 12:30:31.910651,0.4912099181360278,0.4469412883185077,0.4592127085669079,0.5002964953124855,0.5009306190782178,0.4573476186306691
2016-03-14 12:31:36.875734,0.4912099181360278,0.4987456594475285,0.4592127085669079,0.5002964953124855,0.5009306190782178,0.4573476186306691
2016-03-14 12:32:40.182557,0.4912099181360278,0.4987456594475285,0.4721699150567612,0.5002964953124855,0.5009306190782178,0.4573476186306691
2016-03-14 12:33:44.607195,0.4912099181360278,0.4987456594475285,0.4721699150567612,0.5002964953124855,0.5009306190782178,0.4573476186306691
2016-03-14 12:34:49.884145,0.4912099181360278,0.4987456594475285,0.4721699150567612,0.5002964953124855,0.4676658526520411,0.4573476186306691
2016-03-14 12:35:56.519151,0.4912099181360278,0.4987456594475285,0.4721699150567612,0.5002964953124855,0.4676658526520411,0.4573476186306691
2016-03-14 12:36:59.846803,0.4912099181360278,0.4987456594475285,0.4721699150567612,0.5002964953124855,0.4676658526520411,0.4573476186306691
2016-03-14 12:38:07.105782,0.4912099181360278,0.4987456594475285,0.4721699150567612,0.5002964953124855,0.4676658526520411,0.4573476186306691
2016-03-14 12:39:10.314716,0.4912099181360278,0.4817459562501117,0.4721699150567612,0.5002964953124855,0.4676658526520411,0.4573476186306691
2016-03-14 12:40:13.603495,0.4912099181360278,0.4817459562501117,0.4721699150567612,0.5002964953124855,0.4676658526520411,0.4573476186306691
2016-03-14 12:41:16.769017,0.4912099181360278,0.4817459562501117,0.4721699150567612,0.5002964953124855,0.4676658526520411,0.4573476186306691
2016-03-14 12:42:20.344163,0.4912099181360278,0.4817459562501117,0.4721699150567612,0.5002964953124855,0.4676658526520411,0.4573476186306691
2016-03-14 12:43:23.994018,0.4912099181360278,0.4817459562501117,0.4721699150567612,0.4557684452029928,0.4676658526520411,0.4573476186306691
2016-03-14 12:44:28.884385,0.4912099181360278,0.4817459562501117,0.4721699150567612,0.4557684452029928,0.4676658526520411,0.4573476186306691
2016-03-14 12:45:36.258535,0.4912099181360278,0.4817459562501117,0.4721699150567612,0.4557684452029928,0.4676658526520411,0.4573476186306691
2016-03-14 12:46:41.014183,0.4912099181360278,0.4817459562501117,0.4721699150567612,0.4557684452029928,0.4676658526520411,0.4573476186306691
2016-03-14 12:47:46.898548,0.4912099181360278,0.4817459562501117,0.4721699150567612,0.4557684452029928,0.4676658526520411,0.4573476186306691
2016-03-14 12:48:52.838087,0.4912099181360278,0.4817459562501117,0.4721699150567612,0.4557684452029928,0.4676658526520411,0.4573476186306691
2016-03-14 12:49:56.246401,0.4912099181360278,0.4817459562501117,0.4721699150567612,0.4557684452029928,0.4676658526520411,0.4573476186306691
2016-03-14 12:51:01.113171,0.4912099181360278,0.4817459562501117,0.4721699150567612,0.4557684452029928,0.4676658526520411,0.4573476186306691
2016-03-14 12:52:05.209953,0.4912099181360278,0.4817459562501117,0.4721699150567612,0.4557684452029928,0.4676658526520411,0.4573476186306691
2016-03-14 12:53:09.847548,0.4912099181360278,0.4817459562501117,0.4721699150567612,0.4557684452029928,0.4676658526520411,0.4573476186306691
2016-03-14 12:54:13.204794,0.4912099181360278,0.4817459562501117,0.4721699150567612,0.4557684452029928,0.4676658526520411,0.4573476186306691
2016-03-14 12:55:16.929444,0.4912099181360278,0.4817459562501117,0.4721699150567612,0.4557684452029928,0.4676658526520411,0.4573476186306691
2016-03-14 12:56:20.296647,0.4912099181360278,0.4817459562501117,0.4721699150567612,0.4557684452029928,0.4515725024033174,0.4573476186306691
2016-03-14 12:57:24.183980,0.4912099181360278,0.4817459562501117,0.4721699150567612,0.4557684452029928,0.4515725024033174,0.4573476186306691
2016-03-14 12:58:27.453445,0.4912099181360278,0.4817459562501117,0.4721699150567612,0.4557684452029928,0.4515725024033174,0.4573476186306691
2016-03-14 12:59:34.390721,0.4912099181360278,0.4817459562501117,0.4721699150567612,0.4557684452029928,0.4515725024033174,0.4573476186306691
2016-03-14 13:00:37.805126,0.4912099181360278,0.4817459562501117,0.4721699150567612,0.4557684452029928,0.4515725024033174,0.4573476186306691
2016-03-14 13:01:41.053082,0.4912099181360278,0.4817459562501117,0.4721699150567612,0.4557684452029928,0.4515725024033174,0.4573476186306691
2016-03-14 13:02:44.388077,0.4912099181360278,0.4817459562501117,0.4721699150567612,0.4557684452029928,0.4515725024033174,0.4573476186306691
2016-03-14 13:03:47.786415,0.4912099181360278,0.4817459562501117,0.4721699150567612,0.4557684452029928,0.4515725024033174,0.4573476186306691
2016-03-14 13:04:51.333465,0.4912099181360278,0.4817459562501117,0.4721699150567612,0.4557684452029928,0.4515725024033174,0.4573476186306691
2016-03-14 13:05:55.101436,0.4912099181360278,0.4817459562501117,0.4721699150567612,0.4557684452029928,0.4515725024033174,0.4573476186306691
2016-03-14 13:06:58.941598,0.4912099181360278,0.4817459562501117,0.4721699150567612,0.4557684452029928,0.4515725024033174,0.4573476186306691
2016-03-14 13:08:02.187562,0.4912099181360278,0.4817459562501117,0.4721699150567612,0.4557684452029928,0.4515725024033174,0.4573476186306691
2016-03-14 13:09:05.529354,0.4912099181360278,0.4817459562501117,0.4721699150567612,0.4557684452029928,0.4515725024033174,0.4573476186306691
2016-03-14 13:10:08.798957,0.4912099181360278,0.4817459562501117,0.4721699150567612,0.4557684452029928,0.4515725024033174,0.4573476186306691
2016-03-14 13:11:12.183517,0.4912099181360278,0.4817459562501117,0.4721699150567612,0.4557684452029928,0.4515725024033174,0.4573476186306691
2016-03-14 13:12:15.698483,0.4912099181360278,0.4919540784056114,0.4721699150567612,0.4557684452029928,0.4515725024033174,0.4573476186306691
2016-03-14 13:13:19.014734,0.4912099181360278,0.4919540784056114,0.4721699150567612,0.4557684452029928,0.4515725024033174,0.4573476186306691
2016-03-14 13:14:22.210030,0.4912099181360278,0.4919540784056114,0.4721699150567612,0.4557684452029928,0.4515725024033174,0.4573476186306691
2016-03-14 13:15:25.592689,0.4912099181360278,0.4919540784056114,0.4275122413017337,0.4557684452029928,0.453718560910469,0.4573476186306691
2016-03-14 13:16:28.984334,0.4912099181360278,0.4919540784056114,0.4275122413017337,0.4557684452029928,0.45371856091046897,0.4573476186306691
2016-03-14 13:17:32.541125,0.4912099181360278,0.4919540784056114,0.4275122413017337,0.4557684452029928,0.453718560910469,0.4573476186306691
2016-03-14 13:18:35.871545,0.4912099181360278,0.4934158757322322,0.4275122413017337,0.4557684452029928,0.45371856091046897,0.4573476186306691
2016-03-14 13:19:39.656460,0.4912099181360278,0.4934158757322322,0.4275122413017337,0.4557684452029928,0.453718560910469,0.4573476186306691
2016-03-14 13:20:42.840467,0.4912099181360278,0.4934158757322322,0.4275122413017337,0.4557684452029928,0.45371856091046897,0.4573476186306691
2016-03-14 13:21:46.384840,0.4912099181360278,0.4934158757322322,0.4275122413017337,0.4557684452029928,0.453718560910469,0.4573476186306691
2016-03-14 13:22:50.456797,0.4912099181360278,0.4934158757322322,0.4275122413017337,0.4557684452029928,0.45371856091046897,0.4573476186306691
2016-03-14 13:23:53.848027,0.4912099181360278,0.4934158757322322,0.4275122413017337,0.4557684452029928,0.453718560910469,0.4573476186306691
2016-03-14 13:24:57.108413,0.4912099181360278,0.4934158757322322,0.4275122413017337,0.4557684452029928,0.45371856091046897,0.4573476186306691
2016-03-14 13:26:00.391891,0.4578872041793619,0.4934158757322322,0.4275122413017337,0.4557684452029928,0.453718560910469,0.4573476186306691
2016-03-14 13:27:04.729284,0.4578872041793619,0.4934158757322322,0.4192663909563755,0.4557684452029928,0.45371856091046897,0.4573476186306691
2016-03-14 13:28:07.889163,0.4578872041793619,0.4934158757322322,0.4192663909563755,0.4557684452029928,0.453718560910469,0.4573476186306691
2016-03-14 13:29:11.974736,0.4578872041793619,0.4934158757322322,0.4192663909563755,0.4557684452029928,0.45371856091046897,0.4573476186306691
2016-03-14 13:30:15.293916,0.4578872041793619,0.4934158757322322,0.4192663909563755,0.4557684452029928,0.453718560910469,0.4573476186306691
2016-03-14 13:31:18.474160,0.4578872041793619,0.4934158757322322,0.4192663909563755,0.4557684452029928,0.45371856091046897,0.4573476186306691
2016-03-14 13:32:21.587507,0.4578872041793619,0.4934158757322322,0.4192663909563755,0.4557684452029928,0.453718560910469,0.4573476186306691
2016-03-14 13:33:24.840441,0.4578872041793619,0.4934158757322322,0.4192663909563755,0.4557684452029928,0.45371856091046897,0.4573476186306691
2016-03-14 13:34:28.063852,0.4578872041793619,0.4934158757322322,0.4192663909563755,0.4557684452029928,0.453718560910469,0.4573476186306691
2016-03-14 13:35:31.650633,0.4578872041793619,0.4934158757322322,0.4192663909563755,0.4557684452029928,0.45371856091046897,0.4573476186306691
2016-03-14 13:36:34.864709,0.4385375252730877,0.4934158757322322,0.4192663909563755,0.4557684452029928,0.453718560910469,0.4573476186306691
2016-03-14 13:37:38.596333,0.4385375252730877,0.4934158757322322,0.4192663909563755,0.4557684452029928,0.45371856091046897,0.4573476186306691
2016-03-14 13:38:42.459949,0.4385375252730877,0.4934158757322322,0.4192663909563755,0.4557684452029928,0.453718560910469,0.4573476186306691
2016-03-14 13:39:46.311786,0.4385375252730877,0.4934158757322322,0.4192663909563755,0.4557684452029928,0.45371856091046897,0.4573476186306691
2016-03-14 13:40:49.589744,0.4385375252730877,0.4934158757322322,0.4192663909563755,0.4557684452029928,0.453718560910469,0.4573476186306691
2016-03-14 13:41:53.113050,0.4385375252730877,0.4934158757322322,0.4192663909563755,0.4557684452029928,0.45371856091046897,0.4573476186306691
2016-03-14 13:42:56.436614,0.4385375252730877,0.4934158757322322,0.4192663909563755,0.4557684452029928,0.453718560910469,0.4573476186306691
2016-03-14 13:43:59.644405,0.4385375252730877,0.4934158757322322,0.4192663909563755,0.4557684452029928,0.45371856091046897,0.4573476186306691
2016-03-14 13:45:02.934673,0.4385375252730877,0.4934158757322322,0.4192663909563755,0.4557684452029928,0.453718560910469,0.4573476186306691
2016-03-14 13:46:06.880586,0.4385375252730877,0.4934158757322322,0.4192663909563755,0.4557684452029928,0.45371856091046897,0.4573476186306691
2016-03-14 13:47:10.149710,0.4385375252730877,0.4672563963720841,0.4192663909563755,0.4557684452029928,0.453718560910469,0.4573476186306691
2016-03-14 13:48:13.545911,0.4385375252730877,0.4672563963720841,0.4192663909563755,0.4557684452029928,0.45371856091046897,0.4573476186306691
2016-03-14 13:49:17.545319,0.4385375252730877,0.4672563963720841,0.4192663909563755,0.4557684452029928,0.453718560910469,0.4573476186306691
2016-03-14 13:50:20.821843,0.4385375252730877,0.4672563963720841,0.4192663909563755,0.4557684452029928,0.45371856091046897,0.4573476186306691
2016-03-14 13:51:25.315968,0.4385375252730877,0.4672563963720841,0.4192663909563755,0.4557684452029928,0.453718560910469,0.4573476186306691
2016-03-14 13:52:29.174140,0.4385375252730877,0.4672563963720841,0.4192663909563755,0.4557684452029928,0.45371856091046897,0.4573476186306691
2016-03-14 13:53:33.076816,0.4385375252730877,0.44560169293675705,0.4192663909563755,0.4557684452029928,0.453718560910469,0.4573476186306691
2016-03-14 13:54:36.262478,0.4385375252730877,0.44560169293675705,0.4192663909563755,0.4557684452029928,0.45371856091046897,0.4573476186306691
2016-03-14 13:55:39.906923,0.4385375252730877,0.44560169293675705,0.4192663909563755,0.4926543357440214,0.453718560910469,0.4573476186306691
2016-03-14 13:56:42.991974,0.4385375252730877,0.44560169293675705,0.4192663909563755,0.4926543357440214,0.45371856091046897,0.4573476186306691
2016-03-14 13:57:46.194527,0.4385375252730877,0.44560169293675705,0.4192663909563755,0.4875814708051599,0.453718560910469,0.4573476186306691
2016-03-14 13:58:50.028372,0.4385375252730877,0.44560169293675705,0.4192663909563755,0.4875814708051599,0.45371856091046897,0.4573476186306691
2016-03-14 13:59:53.266667,0.4385375252730877,0.44560169293675705,0.4192663909563755,0.4875814708051599,0.453718560910469,0.4573476186306691
2016-03-14 14:00:56.638782,0.4385375252730877,0.44560169293675705,0.4192663909563755,0.4875814708051599,0.45371856091046897,0.4573476186306691
2016-03-14 14:02:00.311225,0.4385375252730877,0.44560169293675705,0.4192663909563755,0.4875814708051599,0.453718560910469,0.4573476186306691
2016-03-14 14:03:03.675576,0.4385375252730877,0.44560169293675705,0.4192663909563755,0.4875814708051599,0.45371856091046897,0.4573476186306691
2016-03-14 14:04:06.813009,0.4385375252730877,0.44560169293675705,0.4192663909563755,0.5271360890093879,0.453718560910469,0.4573476186306691
2016-03-14 14:05:10.007215,0.4385375252730877,0.465297134156452,0.4192663909563755,0.5271360890093879,0.45371856091046897,0.4573476186306691
2016-03-14 14:06:13.896109,0.4385375252730877,0.465297134156452,0.4192663909563755,0.5271360890093879,0.453718560910469,0.4573476186306691
2016-03-14 14:07:18.000887,0.4385375252730877,0.465297134156452,0.4192663909563755,0.5271360890093879,0.45371856091046897,0.4573476186306691
2016-03-14 14:08:21.237373,0.4385375252730877,0.465297134156452,0.4192663909563755,0.5271360890093879,0.453718560910469,0.4573476186306691
2016-03-14 14:09:24.559674,0.4385375252730877,0.465297134156452,0.4192663909563755,0.5271360890093879,0.45371856091046897,0.4573476186306691
2016-03-14 14:10:27.977146,0.4385375252730877,0.465297134156452,0.4192663909563755,0.5271360890093879,0.453718560910469,0.4573476186306691
2016-03-14 14:11:32.277737,0.4385375252730877,0.465297134156452,0.4192663909563755,0.5271360890093879,0.45371856091046897,0.4573476186306691
2016-03-14 14:12:35.652888,0.4385375252730877,0.465297134156452,0.4192663909563755,0.5271360890093879,0.453718560910469,0.4573476186306691
2016-03-14 14:13:39.952238,0.4385375252730877,0.465297134156452,0.4192663909563755,0.5271360890093879,0.45371856091046897,0.4573476186306691
2016-03-14 14:14:43.336137,0.4385375252730877,0.465297134156452,0.4192663909563755,0.5271360890093879,0.453718560910469,0.4573476186306691
2016-03-14 14:15:47.326342,0.4385375252730877,0.4579479054056218,0.4192663909563755,0.5271360890093879,0.45371856091046897,0.4573476186306691
2016-03-14 14:16:50.572151,0.4385375252730877,0.4579479054056218,0.4192663909563755,0.5271360890093879,0.453718560910469,0.4573476186306691
2016-03-14 14:17:53.893756,0.4385375252730877,0.4579479054056218,0.4192663909563755,0.5271360890093879,0.45371856091046897,0.4573476186306691
2016-03-14 14:18:57.324545,0.4385375252730877,0.4579479054056218,0.4192663909563755,0.5271360890093879,0.453718560910469,0.4573476186306691
2016-03-14 14:20:01.092438,0.4385375252730877,0.4579479054056218,0.4192663909563755,0.5271360890093879,0.45371856091046897,0.4573476186306691
2016-03-14 14:21:04.276873,0.4385375252730877,0.4579479054056218,0.4192663909563755,0.5271360890093879,0.453718560910469,0.4573476186306691
2016-03-14 14:22:07.524273,0.4385375252730877,0.4579479054056218,0.4192663909563755,0.5271360890093879,0.45371856091046897,0.4573476186306691
2016-03-14 14:23:10.760131,0.4385375252730877,0.4579479054056218,0.4192663909563755,0.5271360890093879,0.453718560910469,0.4573476186306691
2016-03-14 14:24:14.009950,0.4385375252730877,0.4576016964883348,0.4192663909563755,0.5271360890093879,0.45371856091046897,0.4573476186306691
2016-03-14 14:25:17.202431,0.4385375252730877,0.4576016964883348,0.4192663909563755,0.5271360890093879,0.453718560910469,0.4573476186306691
2016-03-14 14:26:20.548983,0.4385375252730877,0.4576016964883348,0.4192663909563755,0.5271360890093879,0.45371856091046897,0.4573476186306691
2016-03-14 14:27:24.483814,0.4385375252730877,0.4576016964883348,0.4192663909563755,0.5271360890093879,0.453718560910469,0.4573476186306691
2016-03-14 14:28:27.695695,0.4385375252730877,0.4576016964883348,0.4192663909563755,0.5271360890093879,0.45371856091046897,0.4573476186306691
2016-03-14 14:29:31.056816,0.4385375252730877,0.4576016964883348,0.4192663909563755,0.5271360890093879,0.453718560910469,0.4573476186306691
2016-03-14 14:30:34.309158,0.4385375252730877,0.4576016964883348,0.4192663909563755,0.5271360890093879,0.45371856091046897,0.4573476186306691
2016-03-14 14:31:38.338470,0.4385375252730877,0.4576016964883348,0.4192663909563755,0.5271360890093879,0.453718560910469,0.4573476186306691
2016-03-14 14:32:41.557096,0.4385375252730877,0.4576016964883348,0.4192663909563755,0.5271360890093879,0.45371856091046897,0.4573476186306691
2016-03-14 14:33:44.803604,0.4385375252730877,0.4576016964883348,0.4192663909563755,0.5271360890093879,0.453718560910469,0.4573476186306691
2016-03-14 14:34:48.097893,0.4385375252730877,0.4576016964883348,0.4192663909563755,0.5271360890093879,0.45371856091046897,0.4573476186306691
2016-03-14 14:35:51.246327,0.4385375252730877,0.4576016964883348,0.4192663909563755,0.5271360890093879,0.453718560910469,0.4573476186306691
2016-03-14 14:36:54.957164,0.4385375252730877,0.4576016964883348,0.4192663909563755,0.5271360890093879,0.45371856091046897,0.4573476186306691
2016-03-14 14:37:58.403599,0.4385375252730877,0.4576016964883348,0.4192663909563755,0.5271360890093879,0.453718560910469,0.4573476186306691
2016-03-14 14:39:01.867773,0.4385375252730877,0.4576016964883348,0.4192663909563755,0.5271360890093879,0.45371856091046897,0.4573476186306691
2016-03-14 14:40:05.100670,0.4385375252730877,0.4576016964883348,0.4192663909563755,0.5271360890093879,0.453718560910469,0.4573476186306691
2016-03-14 14:41:09.626367,0.4385375252730877,0.4576016964883348,0.4192663909563755,0.5271360890093879,0.45371856091046897,0.4573476186306691
2016-03-14 14:42:12.803765,0.4385375252730877,0.4576016964883348,0.4192663909563755,0.5271360890093879,0.453718560910469,0.4573476186306691
2016-03-14 14:43:16.074540,0.4385375252730877,0.4576016964883348,0.4192663909563755,0.5271360890093879,0.45371856091046897,0.4573476186306691
2016-03-14 14:44:19.365088,0.4385375252730877,0.4576016964883348,0.4192663909563755,0.5271360890093879,0.453718560910469,0.4573476186306691
2016-03-14 14:45:22.598985,0.4385375252730877,0.4576016964883348,0.4192663909563755,0.5271360890093879,0.45371856091046897,0.4573476186306691
2016-03-14 14:46:26.346571,0.4385375252730877,0.4576016964883348,0.4192663909563755,0.5271360890093879,0.453718560910469,0.4573476186306691
2016-03-14 14:47:29.804652,0.4385375252730877,0.4576016964883348,0.4192663909563755,0.5271360890093879,0.45371856091046897,0.4573476186306691
2016-03-14 14:48:33.010073,0.4385375252730877,0.4576016964883348,0.4192663909563755,0.5271360890093879,0.453718560910469,0.4573476186306691
2016-03-14 14:49:38.118641,0.4385375252730877,0.4576016964883348,0.4192663909563755,0.5271360890093879,0.45371856091046897,0.4573476186306691
2016-03-14 14:50:41.394347,0.4385375252730877,0.4576016964883348,0.4192663909563755,0.5271360890093879,0.453718560910469,0.4573476186306691
2016-03-14 14:51:45.189594,0.4385375252730877,0.4576016964883348,0.4192663909563755,0.5271360890093879,0.45371856091046897,0.4573476186306691
2016-03-14 14:52:48.383620,0.4385375252730877,0.4576016964883348,0.4192663909563755,0.5271360890093879,0.453718560910469,0.4573476186306691
2016-03-14 14:53:51.577692,0.4385375252730877,0.4576016964883348,0.4192663909563755,0.5271360890093879,0.45371856091046897,0.4573476186306691
2016-03-14 14:54:55.360646,0.4385375252730877,0.4576016964883348,0.4192663909563755,0.5271360890093879,0.453718560910469,0.4573476186306691
2016-03-14 14:55:58.534705,0.4385375252730877,0.4576016964883348,0.4192663909563755,0.535535262216221,0.45371856091046897,0.4573476186306691
2016-03-14 14:57:02.025388,0.4385375252730877,0.4576016964883348,0.4192663909563755,0.535535262216221,0.453718560910469,0.4573476186306691
2016-03-14 14:58:05.459264,0.4385375252730877,0.4576016964883348,0.4192663909563755,0.5136127675152107,0.45371856091046897,0.4573476186306691
2016-03-14 14:59:09.043947,0.4385375252730877,0.4576016964883348,0.4192663909563755,0.5136127675152107,0.453718560910469,0.4573476186306691
2016-03-14 15:00:12.413075,0.4385375252730877,0.4576016964883348,0.4192663909563755,0.5136127675152107,0.45371856091046897,0.4573476186306691
2016-03-14 15:01:15.716247,0.4385375252730877,0.4576016964883348,0.4192663909563755,0.5136127675152107,0.453718560910469,0.4573476186306691
2016-03-14 18:59:38.703460,0.457529506228967,0.4032358396474423,0.3691182506609539,0.4784123517638187,0.4517865395185285,0.45716991299262894
2016-03-14 19:00:23.945872,0.457529506228967,0.4032358396474423,0.3691182506609539,0.4784123517638187,0.4517865395185284,0.4571699129926289
2016-03-14 19:01:27.240320,0.457529506228967,0.4032358396474423,0.3691182506609539,0.4784123517638187,0.4517865395185284,0.4571699129926289
2016-03-14 19:02:30.555814,0.457529506228967,0.4032358396474423,0.3691182506609539,0.4784123517638187,0.4517865395185284,0.4571699129926289
2016-03-14 19:03:34.170990,0.457529506228967,0.4032358396474423,0.3691182506609539,0.4784123517638187,0.4517865395185284,0.4571699129926289
2016-03-14 19:04:37.428130,0.457529506228967,0.4032358396474423,0.3691182506609539,0.4784123517638187,0.4517865395185284,0.4571699129926289
2016-03-14 19:05:40.709882,0.457529506228967,0.4032358396474423,0.3691182506609539,0.4784123517638187,0.4517865395185284,0.4571699129926289
2016-03-14 19:06:43.985712,0.457529506228967,0.4032358396474423,0.3691182506609539,0.4784123517638187,0.4517865395185284,0.4571699129926289
2016-03-14 19:07:47.461506,0.457529506228967,0.4032358396474423,0.3691182506609539,0.4784123517638187,0.4517865395185284,0.4571699129926289
2016-03-14 19:08:50.763086,0.457529506228967,0.4032358396474423,0.3691182506609539,0.4784123517638187,0.4517865395185284,0.4571699129926289
2016-03-14 19:08:58.804122,0.4575295062289671,0.4032358396474423,0.3691182506609539,0.4784123517638189,0.4517865395185285,0.45716991299262894
2016-03-14 19:10:02.501516,0.4575295062289671,0.4032358396474423,0.3691182506609539,0.4784123517638189,0.4517865395185285,0.457169912992629
2016-03-14 19:11:06.341342,0.4575295062289671,0.4032358396474423,0.3691182506609539,0.4784123517638189,0.4517865395185285,0.45716991299262894
2016-03-14 19:12:09.879876,0.4575295062289671,0.4032358396474423,0.3691182506609539,0.4784123517638189,0.4517865395185285,0.457169912992629
2016-03-14 19:13:28.736943,0.457529506228967,0.4032358396474423,0.3691182506609539,0.4784123517638187,0.4517865395185284,0.4571699129926289
2016-03-14 19:14:32.550331,0.457529506228967,0.4032358396474423,0.3691182506609539,0.4784123517638187,0.4517865395185284,0.4571699129926289
2016-03-14 19:15:36.792675,0.457529506228967,0.4032358396474423,0.3691182506609539,0.4784123517638187,0.4517865395185284,0.4571699129926289
2016-03-14 19:16:40.546344,0.457529506228967,0.4032358396474423,0.3691182506609539,0.4784123517638187,0.4517865395185284,0.4571699129926289
2016-03-14 19:17:44.062702,0.457529506228967,0.4032358396474423,0.3691182506609539,0.4784123517638187,0.4517865395185284,0.4571699129926289
2016-03-14 19:18:49.184333,0.457529506228967,0.4032358396474423,0.3691182506609539,0.4784123517638187,0.4517865395185284,0.4571699129926289
2016-03-14 19:19:55.613994,0.457529506228967,0.4032358396474423,0.3691182506609539,0.4784123517638187,0.4517865395185284,0.4571699129926289
2016-03-14 19:20:59.497906,0.457529506228967,0.4032358396474423,0.3691182506609539,0.4784123517638187,0.4517865395185284,0.4571699129926289
2016-03-14 19:22:03.394658,0.457529506228967,0.4032358396474423,0.3691182506609539,0.4784123517638187,0.4517865395185284,0.4571699129926289
2016-03-14 19:23:07.165843,0.457529506228967,0.4032358396474423,0.3691182506609539,0.4784123517638187,0.4517865395185284,0.4571699129926289
2016-03-14 19:24:10.861060,0.457529506228967,0.4032358396474423,0.3691182506609539,0.4784123517638187,0.4517865395185284,0.4571699129926289
2016-03-14 19:25:14.244329,0.457529506228967,0.4032358396474423,0.3691182506609539,0.4784123517638187,0.4517865395185284,0.4571699129926289
2016-03-14 19:26:17.806462,0.457529506228967,0.4032358396474423,0.3691182506609539,0.4784123517638187,0.4517865395185284,0.4571699129926289
2016-03-14 19:27:21.154150,0.457529506228967,0.4032358396474423,0.3691182506609539,0.4784123517638187,0.4517865395185284,0.4571699129926289
2016-03-14 19:28:24.879532,0.457529506228967,0.4032358396474423,0.3691182506609539,0.4784123517638187,0.4517865395185284,0.4571699129926289
2016-03-14 19:29:28.352565,0.457529506228967,0.4032358396474423,0.3691182506609539,0.4784123517638187,0.4517865395185284,0.4571699129926289
2016-03-14 19:30:31.976916,0.457529506228967,0.4032358396474423,0.3691182506609539,0.4784123517638187,0.4517865395185284,0.4571699129926289
2016-03-14 19:31:36.858853,0.457529506228967,0.4032358396474423,0.3691182506609539,0.4784123517638187,0.4517865395185284,0.4571699129926289
2016-03-14 19:32:40.477829,0.457529506228967,0.4032358396474423,0.3691182506609539,0.4784123517638187,0.4517865395185284,0.4571699129926289
2016-03-14 19:33:44.381784,0.457529506228967,0.4032358396474423,0.3691182506609539,0.4784123517638187,0.4517865395185284,0.4571699129926289
2016-03-14 19:34:48.136839,0.457529506228967,0.4032358396474423,0.3691182506609539,0.4784123517638187,0.4517865395185284,0.4571699129926289
2016-03-14 19:35:51.820766,0.457529506228967,0.4032358396474423,0.3691182506609539,0.4784123517638187,0.4517865395185284,0.4571699129926289
2016-03-14 19:36:56.498642,0.457529506228967,0.4032358396474423,0.3691182506609539,0.4784123517638187,0.4517865395185284,0.4571699129926289
2016-03-14 19:38:01.556321,0.457529506228967,0.4032358396474423,0.3691182506609539,0.4784123517638187,0.4517865395185284,0.4571699129926289
2016-03-14 19:39:05.620732,0.457529506228967,0.4032358396474423,0.3691182506609539,0.4784123517638187,0.4517865395185284,0.4571699129926289
2016-03-14 19:40:09.105566,0.457529506228967,0.4032358396474423,0.3691182506609539,0.4784123517638187,0.4517865395185284,0.4571699129926289
2016-03-14 19:41:12.984383,0.457529506228967,0.4032358396474423,0.3691182506609539,0.4784123517638187,0.4517865395185284,0.4571699129926289
2016-03-14 19:42:17.652632,0.457529506228967,0.4032358396474423,0.3691182506609539,0.4784123517638187,0.4623117690042271,0.4571699129926289
2016-03-14 19:43:21.941333,0.457529506228967,0.4032358396474423,0.3691182506609539,0.4784123517638187,0.4623117690042271,0.4571699129926289
2016-03-14 19:44:30.159417,0.457529506228967,0.4032358396474423,0.3691182506609539,0.4784123517638187,0.4623117690042271,0.4571699129926289
2016-03-14 19:45:35.072603,0.457529506228967,0.4032358396474423,0.3691182506609539,0.4784123517638187,0.4623117690042271,0.4571699129926289
2016-03-14 19:46:38.982181,0.457529506228967,0.4032358396474423,0.3691182506609539,0.4784123517638187,0.4623117690042271,0.4571699129926289
2016-03-14 19:47:43.809933,0.457529506228967,0.4032358396474423,0.3691182506609539,0.4784123517638187,0.4623117690042271,0.4571699129926289
2016-03-14 19:48:47.796084,0.457529506228967,0.4032358396474423,0.3691182506609539,0.4784123517638187,0.4623117690042271,0.4571699129926289
2016-03-14 19:49:51.986888,0.457529506228967,0.4032358396474423,0.3691182506609539,0.4784123517638187,0.4623117690042271,0.4571699129926289
2016-03-14 19:50:56.174365,0.457529506228967,0.4032358396474423,0.3691182506609539,0.4784123517638187,0.4623117690042271,0.4571699129926289
2016-03-14 19:52:00.558740,0.457529506228967,0.4053040681225122,0.3691182506609539,0.4784123517638187,0.4623117690042271,0.4571699129926289
2016-03-14 19:53:05.070633,0.457529506228967,0.4053040681225122,0.3691182506609539,0.4784123517638187,0.4623117690042271,0.4571699129926289
2016-03-14 19:54:09.258704,0.457529506228967,0.4053040681225122,0.3691182506609539,0.4784123517638187,0.4623117690042271,0.4571699129926289
2016-03-14 19:55:13.369428,0.457529506228967,0.4053040681225122,0.3691182506609539,0.4784123517638187,0.4623117690042271,0.4571699129926289
2016-03-14 19:56:18.449448,0.457529506228967,0.4053040681225122,0.3691182506609539,0.4784123517638187,0.4623117690042271,0.4571699129926289
2016-03-14 19:57:22.171322,0.457529506228967,0.4053040681225122,0.3691182506609539,0.4784123517638187,0.4623117690042271,0.4571699129926289
2016-03-14 19:58:25.816332,0.457529506228967,0.4053040681225122,0.3691182506609539,0.4784123517638187,0.4623117690042271,0.4571699129926289
2016-03-14 19:59:30.026267,0.457529506228967,0.4053040681225122,0.3691182506609539,0.4784123517638187,0.4623117690042271,0.4571699129926289
2016-03-14 20:00:33.973702,0.457529506228967,0.4053040681225122,0.3691182506609539,0.4784123517638187,0.4623117690042271,0.4571699129926289
2016-03-14 20:01:41.129244,0.457529506228967,0.4053040681225122,0.3691182506609539,0.4784123517638187,0.4623117690042271,0.4571699129926289
2016-03-14 20:02:44.606574,0.457529506228967,0.4053040681225122,0.3691182506609539,0.4784123517638187,0.4623117690042271,0.4571699129926289
2016-03-14 20:03:48.329906,0.457529506228967,0.4053040681225122,0.3994977847298081,0.4784123517638187,0.4623117690042271,0.4571699129926289
2016-03-14 20:04:51.931415,0.457529506228967,0.4053040681225122,0.3994977847298081,0.4784123517638187,0.4623117690042271,0.4571699129926289
2016-03-14 20:05:55.477124,0.457529506228967,0.4053040681225122,0.3994977847298081,0.4784123517638187,0.4623117690042271,0.4571699129926289
2016-03-14 20:06:59.076889,0.457529506228967,0.4053040681225122,0.3994977847298081,0.4784123517638187,0.4623117690042271,0.4571699129926289
2016-03-14 20:08:02.582647,0.457529506228967,0.4053040681225122,0.3994977847298081,0.4784123517638187,0.4623117690042271,0.4571699129926289
2016-03-14 20:09:06.209007,0.457529506228967,0.4053040681225122,0.3994977847298081,0.4784123517638187,0.4623117690042271,0.4571699129926289
2016-03-14 20:10:09.627470,0.457529506228967,0.4053040681225122,0.3994977847298081,0.4784123517638187,0.4623117690042271,0.4571699129926289
2016-03-14 20:11:13.187201,0.457529506228967,0.4053040681225122,0.3994977847298081,0.4784123517638187,0.4623117690042271,0.4571699129926289
2016-03-14 20:12:16.644611,0.457529506228967,0.4053040681225122,0.3994977847298081,0.4784123517638187,0.4623117690042271,0.4571699129926289
2016-03-14 20:13:20.406342,0.457529506228967,0.4053040681225122,0.3994977847298081,0.4784123517638187,0.4623117690042271,0.4571699129926289
2016-03-14 20:14:23.788922,0.457529506228967,0.4053040681225122,0.3994977847298081,0.4784123517638187,0.4623117690042271,0.4571699129926289
2016-03-14 20:15:27.602672,0.457529506228967,0.4053040681225122,0.3994977847298081,0.4784123517638187,0.4623117690042271,0.4571699129926289
2016-03-14 20:16:31.475039,0.457529506228967,0.4053040681225122,0.3994977847298081,0.4784123517638187,0.4623117690042271,0.4571699129926289
2016-03-14 20:17:35.644617,0.457529506228967,0.4053040681225122,0.3994977847298081,0.4784123517638187,0.4623117690042271,0.4571699129926289
2016-03-14 20:18:39.712255,0.457529506228967,0.4053040681225122,0.3994977847298081,0.4784123517638187,0.4623117690042271,0.4571699129926289
2016-03-14 20:20:14.509240,0.457529506228967,0.4053040681225122,0.3994977847298081,0.4784123517638187,0.4623117690042271,0.4571699129926289
2016-03-14 20:21:18.092670,0.457529506228967,0.4053040681225122,0.3994977847298081,0.4784123517638187,0.4623117690042271,0.4571699129926289
2016-03-14 20:22:21.984953,0.457529506228967,0.4053040681225122,0.3994977847298081,0.4784123517638187,0.4623117690042271,0.4571699129926289
2016-03-14 20:23:26.276416,0.457529506228967,0.4053040681225122,0.3994977847298081,0.4784123517638187,0.4623117690042271,0.4571699129926289
2016-03-14 20:24:35.620949,0.457529506228967,0.4053040681225122,0.3994977847298081,0.4784123517638187,0.4623117690042271,0.4571699129926289
2016-03-14 20:25:41.696109,0.457529506228967,0.4053040681225122,0.3994977847298081,0.4784123517638187,0.4623117690042271,0.4571699129926289
2016-03-14 20:26:45.883289,0.457529506228967,0.4053040681225122,0.3994977847298081,0.4784123517638187,0.4623117690042271,0.4571699129926289
2016-03-14 20:27:49.634649,0.457529506228967,0.4053040681225122,0.3994977847298081,0.4784123517638187,0.4623117690042271,0.4571699129926289
2016-03-14 20:28:53.410470,0.457529506228967,0.4053040681225122,0.3994977847298081,0.4784123517638187,0.4623117690042271,0.4571699129926289
2016-03-14 20:29:57.372283,0.457529506228967,0.4053040681225122,0.3994977847298081,0.4784123517638187,0.4623117690042271,0.4571699129926289
2016-03-14 20:31:01.473711,0.457529506228967,0.4053040681225122,0.3994977847298081,0.4784123517638187,0.4623117690042271,0.4571699129926289
2016-03-14 20:32:05.123155,0.457529506228967,0.4053040681225122,0.3994977847298081,0.4784123517638187,0.4623117690042271,0.4571699129926289
2016-03-14 20:33:08.871307,0.457529506228967,0.4053040681225122,0.3994977847298081,0.4784123517638187,0.4623117690042271,0.4571699129926289
2016-03-14 20:34:13.406425,0.457529506228967,0.4053040681225122,0.3994977847298081,0.4784123517638187,0.4623117690042271,0.4571699129926289
2016-03-14 20:35:17.798815,0.457529506228967,0.4053040681225122,0.3994977847298081,0.4784123517638187,0.4623117690042271,0.4571699129926289
2016-03-14 20:36:21.700761,0.457529506228967,0.4053040681225122,0.3994977847298081,0.4784123517638187,0.4623117690042271,0.4571699129926289
2016-03-14 20:37:26.474204,0.457529506228967,0.4053040681225122,0.3994977847298081,0.4784123517638187,0.4623117690042271,0.4571699129926289
2016-03-14 20:38:30.331974,0.457529506228967,0.4053040681225122,0.3994977847298081,0.4784123517638187,0.4623117690042271,0.4571699129926289
2016-03-14 20:39:36.791816,0.457529506228967,0.4053040681225122,0.3994977847298081,0.4784123517638187,0.4623117690042271,0.4571699129926289
2016-03-14 20:40:40.742959,0.457529506228967,0.4053040681225122,0.3994977847298081,0.4784123517638187,0.4623117690042271,0.4571699129926289
2016-03-14 20:41:44.429456,0.457529506228967,0.4053040681225122,0.3994977847298081,0.4784123517638187,0.4623117690042271,0.4571699129926289
2016-03-14 20:42:48.145591,0.457529506228967,0.4053040681225122,0.3994977847298081,0.4784123517638187,0.4623117690042271,0.4571699129926289
2016-03-14 20:43:51.966484,0.457529506228967,0.4053040681225122,0.3994977847298081,0.4784123517638187,0.4623117690042271,0.4571699129926289
2016-03-14 20:44:55.755137,0.457529506228967,0.4053040681225122,0.3994977847298081,0.4784123517638187,0.4623117690042271,0.4571699129926289
2016-03-14 20:46:01.113293,0.457529506228967,0.4053040681225122,0.3994977847298081,0.4784123517638187,0.4623117690042271,0.4571699129926289
2016-03-14 20:47:04.916488,0.457529506228967,0.4053040681225122,0.3994977847298081,0.4784123517638187,0.4623117690042271,0.4571699129926289
2016-03-14 20:48:08.719360,0.457529506228967,0.4053040681225122,0.3994977847298081,0.4784123517638187,0.4623117690042271,0.4571699129926289
2016-03-14 20:49:12.423851,0.457529506228967,0.4053040681225122,0.3994977847298081,0.4784123517638187,0.4623117690042271,0.4571699129926289
2016-03-14 20:50:16.285722,0.457529506228967,0.4053040681225122,0.3994977847298081,0.4784123517638187,0.4623117690042271,0.4571699129926289
2016-03-14 20:51:20.159651,0.457529506228967,0.4053040681225122,0.3994977847298081,0.4784123517638187,0.4623117690042271,0.4571699129926289
2016-03-14 20:52:24.132107,0.457529506228967,0.4053040681225122,0.3994977847298081,0.4784123517638187,0.4623117690042271,0.4571699129926289
2016-03-14 20:53:28.248047,0.457529506228967,0.4053040681225122,0.3994977847298081,0.4784123517638187,0.4623117690042271,0.4571699129926289
2016-03-14 20:54:32.231173,0.457529506228967,0.4053040681225122,0.3994977847298081,0.4784123517638187,0.4623117690042271,0.4571699129926289
2016-03-14 20:55:37.533677,0.457529506228967,0.4053040681225122,0.3994977847298081,0.4784123517638187,0.4623117690042271,0.4571699129926289
2016-03-14 20:56:41.579553,0.457529506228967,0.4053040681225122,0.3994977847298081,0.4784123517638187,0.4623117690042271,0.4571699129926289
2016-03-14 20:57:45.400421,0.457529506228967,0.4053040681225122,0.3994977847298081,0.4784123517638187,0.4623117690042271,0.4571699129926289
2016-03-14 20:58:49.169737,0.457529506228967,0.4053040681225122,0.3994977847298081,0.4784123517638187,0.4623117690042271,0.4571699129926289
2016-03-14 20:59:52.787361,0.457529506228967,0.4053040681225122,0.3994977847298081,0.4784123517638187,0.4623117690042271,0.4571699129926289
2016-03-14 21:00:56.848511,0.457529506228967,0.4053040681225122,0.3994977847298081,0.4784123517638187,0.4623117690042271,0.4571699129926289
2016-03-14 21:02:00.483821,0.457529506228967,0.4053040681225122,0.3994977847298081,0.4784123517638187,0.4623117690042271,0.4571699129926289
2016-03-14 21:03:04.333131,0.457529506228967,0.4053040681225122,0.3994977847298081,0.4784123517638187,0.4623117690042271,0.4571699129926289
2016-03-14 21:04:08.008546,0.457529506228967,0.4053040681225122,0.3994977847298081,0.48456869391603996,0.4623117690042271,0.4571699129926289
2016-03-14 21:05:11.788729,0.457529506228967,0.4053040681225122,0.3994977847298081,0.48456869391604,0.4623117690042271,0.4571699129926289
2016-03-14 21:06:15.627768,0.457529506228967,0.4053040681225122,0.3994977847298081,0.48456869391603996,0.4623117690042271,0.4571699129926289
2016-03-14 21:07:19.272094,0.457529506228967,0.4053040681225122,0.3994977847298081,0.48456869391604,0.4623117690042271,0.4571699129926289
2016-03-14 21:08:23.037823,0.457529506228967,0.4053040681225122,0.3994977847298081,0.48456869391603996,0.4623117690042271,0.4571699129926289
2016-03-14 21:09:26.689085,0.457529506228967,0.4053040681225122,0.3994977847298081,0.48456869391604,0.4623117690042271,0.4571699129926289
2016-03-14 21:10:30.347497,0.457529506228967,0.4053040681225122,0.3994977847298081,0.48456869391603996,0.4623117690042271,0.4571699129926289
2016-03-14 21:11:36.290072,0.457529506228967,0.4053040681225122,0.4088101597006861,0.48456869391604,0.4623117690042271,0.4571699129926289
2016-03-14 21:12:40.511770,0.457529506228967,0.4053040681225122,0.4088101597006861,0.48456869391603996,0.4623117690042271,0.4571699129926289
2016-03-14 21:13:44.086749,0.457529506228967,0.4053040681225122,0.4088101597006861,0.48456869391604,0.4623117690042271,0.4571699129926289
2016-03-14 21:14:48.004547,0.457529506228967,0.4053040681225122,0.4088101597006861,0.48456869391603996,0.4623117690042271,0.4571699129926289
2016-03-14 21:15:51.865769,0.457529506228967,0.4053040681225122,0.4088101597006861,0.48456869391604,0.4623117690042271,0.4571699129926289
2016-03-14 21:16:56.110665,0.457529506228967,0.4053040681225122,0.4183455493005192,0.48456869391603996,0.4623117690042271,0.4571699129926289
2016-03-14 21:18:00.842184,0.457529506228967,0.4053040681225122,0.4183455493005192,0.48456869391604,0.4623117690042271,0.4571699129926289
2016-03-14 21:19:04.538925,0.457529506228967,0.4053040681225122,0.4183455493005192,0.48456869391603996,0.4623117690042271,0.4571699129926289
2016-03-14 21:20:08.256272,0.457529506228967,0.4053040681225122,0.4183455493005192,0.48456869391604,0.4623117690042271,0.4571699129926289
2016-03-14 21:21:12.113210,0.457529506228967,0.4053040681225122,0.4183455493005192,0.48456869391603996,0.4623117690042271,0.4571699129926289
2016-03-14 21:22:16.099433,0.457529506228967,0.4053040681225122,0.4183455493005192,0.48456869391604,0.4623117690042271,0.4571699129926289
2016-03-14 21:23:19.921084,0.457529506228967,0.4053040681225122,0.4183455493005192,0.48456869391603996,0.4623117690042271,0.4571699129926289
2016-03-14 21:24:23.577142,0.457529506228967,0.4053040681225122,0.4183455493005192,0.48456869391604,0.4623117690042271,0.4571699129926289
2016-03-14 21:25:27.446875,0.457529506228967,0.4053040681225122,0.4183455493005192,0.48456869391603996,0.4623117690042271,0.4571699129926289
2016-03-14 21:26:31.022263,0.457529506228967,0.4053040681225122,0.4183455493005192,0.48456869391604,0.4623117690042271,0.4571699129926289
2016-03-14 21:27:36.560346,0.457529506228967,0.4053040681225122,0.4183455493005192,0.48456869391603996,0.4623117690042271,0.4571699129926289
2016-03-14 21:28:42.515074,0.457529506228967,0.4053040681225122,0.4183455493005192,0.48456869391604,0.4623117690042271,0.4571699129926289
2016-03-14 21:29:46.312484,0.457529506228967,0.4053040681225122,0.4183455493005192,0.48456869391603996,0.4623117690042271,0.4571699129926289
2016-03-14 21:30:49.979944,0.457529506228967,0.4053040681225122,0.4183455493005192,0.48456869391604,0.4623117690042271,0.4571699129926289
2016-03-14 21:31:53.604137,0.457529506228967,0.4053040681225122,0.4183455493005192,0.48456869391603996,0.4623117690042271,0.4571699129926289
2016-03-14 21:32:57.260517,0.457529506228967,0.4053040681225122,0.4183455493005192,0.48456869391604,0.4623117690042271,0.4571699129926289
2016-03-14 21:34:01.486956,0.457529506228967,0.4053040681225122,0.4183455493005192,0.48456869391603996,0.4623117690042271,0.4571699129926289
2016-03-14 21:35:05.385886,0.457529506228967,0.4053040681225122,0.4183455493005192,0.48456869391604,0.4623117690042271,0.4571699129926289
2016-03-14 21:36:09.241895,0.457529506228967,0.4053040681225122,0.4183455493005192,0.48456869391603996,0.4623117690042271,0.4571699129926289
2016-03-14 21:37:13.143569,0.457529506228967,0.4053040681225122,0.4183455493005192,0.48456869391604,0.4623117690042271,0.4571699129926289
2016-03-14 21:38:16.708366,0.457529506228967,0.4053040681225122,0.4183455493005192,0.48456869391603996,0.4623117690042271,0.4571699129926289
2016-03-14 21:39:20.681837,0.457529506228967,0.4053040681225122,0.4183455493005192,0.48456869391604,0.4623117690042271,0.4571699129926289
2016-03-14 21:40:24.250741,0.457529506228967,0.4053040681225122,0.4183455493005192,0.48456869391603996,0.4623117690042271,0.4571699129926289
2016-03-14 21:41:28.105215,0.457529506228967,0.4053040681225122,0.4183455493005192,0.48456869391604,0.4623117690042271,0.4571699129926289
2016-03-14 21:42:31.863951,0.457529506228967,0.4053040681225122,0.4183455493005192,0.48456869391603996,0.4623117690042271,0.4571699129926289
2016-03-14 21:43:35.941411,0.457529506228967,0.4053040681225122,0.4183455493005192,0.48456869391604,0.4623117690042271,0.4571699129926289
2016-03-14 21:44:39.860668,0.457529506228967,0.4053040681225122,0.4183455493005192,0.48456869391603996,0.4623117690042271,0.4571699129926289
2016-03-14 21:45:43.754145,0.457529506228967,0.4053040681225122,0.4183455493005192,0.48456869391604,0.4623117690042271,0.4571699129926289
2016-03-14 21:46:48.198194,0.457529506228967,0.4053040681225122,0.4183455493005192,0.48456869391603996,0.4623117690042271,0.4571699129926289
2016-03-14 21:47:52.770569,0.457529506228967,0.4053040681225122,0.4183455493005192,0.48456869391604,0.4623117690042271,0.4571699129926289
2016-03-14 21:48:56.621892,0.457529506228967,0.4053040681225122,0.4183455493005192,0.447515842221081,0.4623117690042271,0.4571699129926289
2016-03-14 21:50:00.774936,0.457529506228967,0.4053040681225122,0.4183455493005192,0.447515842221081,0.4623117690042271,0.4571699129926289
2016-03-14 21:51:04.480987,0.457529506228967,0.4053040681225122,0.4183455493005192,0.447515842221081,0.4623117690042271,0.4571699129926289
2016-03-14 21:52:08.109079,0.457529506228967,0.4053040681225122,0.4183455493005192,0.447515842221081,0.4623117690042271,0.4571699129926289
2016-03-14 21:53:11.627621,0.457529506228967,0.4053040681225122,0.4183455493005192,0.447515842221081,0.4623117690042271,0.4571699129926289
2016-03-14 21:54:15.325977,0.457529506228967,0.4053040681225122,0.4183455493005192,0.447515842221081,0.4623117690042271,0.4571699129926289
2016-03-14 21:55:20.440200,0.457529506228967,0.4053040681225122,0.4183455493005192,0.447515842221081,0.4623117690042271,0.4571699129926289
2016-03-14 21:56:24.255900,0.457529506228967,0.4053040681225122,0.4183455493005192,0.447515842221081,0.46231176900422705,0.4571699129926289
2016-03-14 21:57:28.110550,0.457529506228967,0.4053040681225122,0.41834554930051915,0.447515842221081,0.462311769004227,0.4571699129926289
